step,epoch,train_loss
49,0,5.095498561859131
99,1,4.111725807189941
149,2,3.856437921524048
199,3,3.7241523265838623
249,4,3.624624729156494
299,5,3.451404094696045
349,6,3.3493568897247314
399,7,3.2760093212127686
449,8,3.2848784923553467
499,9,3.2956764698028564
