epoch,train_loss,step
0,5.14798641204834,49
1,4.254729747772217,99
2,4.037079334259033,149
3,3.809708833694458,199
4,3.7365686893463135,249
5,3.6534087657928467,299
6,3.5103864669799805,349
7,3.367543935775757,399
8,3.2513632774353027,449
9,3.1794207096099854,499
