step,epoch,train_loss
49,0,5.151681900024414
99,1,4.181214809417725
149,2,3.872697114944458
199,3,3.7040011882781982
249,4,3.5813632011413574
299,5,3.5219504833221436
349,6,3.5022754669189453
399,7,3.3981215953826904
449,8,3.3411865234375
499,9,3.3287465572357178
