step,train_loss,epoch
49,36.48185348510742,0
99,30.496004104614258,1
149,29.749868392944336,2
199,29.402202606201172,3
249,29.169954299926758,4
299,29.00275421142578,5
349,28.874530792236328,6
399,28.768373489379883,7
449,28.67696762084961,8
499,28.596311569213867,9
