step,train_loss,epoch
49,34.90027618408203,0
99,30.360244750976562,1
149,29.68930435180664,2
199,29.366374969482422,3
249,29.15418243408203,4
299,29.00229263305664,5
349,28.880565643310547,6
399,28.777860641479492,7
449,28.68854331970215,8
499,28.609233856201172,9
