step,epoch,train_loss
49,0,5.255986213684082
99,1,4.24687385559082
149,2,3.908457040786743
199,3,3.7864420413970947
249,4,3.607051372528076
299,5,3.4992258548736572
349,6,3.4755380153656006
399,7,3.3544249534606934
449,8,3.359776020050049
499,9,3.225431203842163
