step,train_loss,epoch
49,5.352474212646484,0
99,4.4700493812561035,1
149,4.150223255157471,2
